﻿<?xml version="1.0" encoding="UTF-8"?>
<MetaDataObject xmlns="http://v8.1c.ru/8.3/MDClasses" xmlns:app="http://v8.1c.ru/8.2/managed-application/core" xmlns:cfg="http://v8.1c.ru/8.1/data/enterprise/current-config" xmlns:cmi="http://v8.1c.ru/8.2/managed-application/cmi" xmlns:ent="http://v8.1c.ru/8.1/data/enterprise" xmlns:lf="http://v8.1c.ru/8.2/managed-application/logform" xmlns:style="http://v8.1c.ru/8.1/data/ui/style" xmlns:sys="http://v8.1c.ru/8.1/data/ui/fonts/system" xmlns:v8="http://v8.1c.ru/8.1/data/core" xmlns:v8ui="http://v8.1c.ru/8.1/data/ui" xmlns:web="http://v8.1c.ru/8.1/data/ui/colors/web" xmlns:win="http://v8.1c.ru/8.1/data/ui/colors/windows" xmlns:xen="http://v8.1c.ru/8.3/xcf/enums" xmlns:xpr="http://v8.1c.ru/8.3/xcf/predef" xmlns:xr="http://v8.1c.ru/8.3/xcf/readable" xmlns:xs="http://www.w3.org/2001/XMLSchema" xmlns:xsi="http://www.w3.org/2001/XMLSchema-instance" version="2.12">
	<ExternalDataProcessor uuid="12ea209d-ec96-46ab-9b1c-7aa22a320fdd">
		<InternalInfo>
			<xr:ContainedObject>
				<xr:ClassId>c3831ec8-d8d5-4f93-8a22-f9bfae07327f</xr:ClassId>
				<xr:ObjectId>7e2a7828-8ac9-49f8-b3c9-ed7f145cafe0</xr:ObjectId>
			</xr:ContainedObject>
			<xr:GeneratedType name="ExternalDataProcessorObject.БольшаяКнопка" category="Object">
				<xr:TypeId>59a8184b-6c1d-4749-8885-5c8446f2ee46</xr:TypeId>
				<xr:ValueId>d3ded6ff-d781-4be4-aa0f-af53992f076e</xr:ValueId>
			</xr:GeneratedType>
		</InternalInfo>
		<Properties>
			<Name>БольшаяКнопка</Name>
			<Synonym>
				<v8:item>
					<v8:lang>ru</v8:lang>
					<v8:content>Большая кнопка</v8:content>
				</v8:item>
			</Synonym>
			<Comment/>
			<DefaultForm>ExternalDataProcessor.БольшаяКнопка.Form.Форма</DefaultForm>
			<AuxiliaryForm/>
		</Properties>
		<ChildObjects>
			<Form>Форма</Form>
		</ChildObjects>
	</ExternalDataProcessor>
</MetaDataObject>